博幼藏書,
,
欄1,欄2
編號,書名
C0001,青銅葵花
C0002,說給我的孩子聽09-面對人生的十堂課
C0003,居里夫人的故事
C0004,憂鬱的熱帶
C0005,解碼男孩-神奇的密碼球
C0006,與神對話
C0007,轉瞬為風
C0008,生日快樂-生命閃耀的瞬間
C0009,十月的天空
C0010,心的強大，才是真正的強大
C0011,資優生不熬夜!搶進名校的精準學習法
C0012,宋代茶文化
C0013,百年風雨
C0014,誰來當王妃
C0015,風雨任平生：倪匡傳
C0016,人間失格
C0017,作文館3-國語日報 年度嚴選小學生作文100
C0018,作文館5-國語日報 年度嚴選小學生作文100
C0019,構圖一變，世界跟著變
C0020,為自己站出來 你可以克服霸凌，以及其他壓迫你的事情
C0021,和設計大師一起逛車站 從動線、空間到指標，每個小地方都有趣
C0022,碟型事件特警隊1來人呀!
C0023,這世界，就該是太陽黃
C0024,碟型世界特警隊6 時空亂鬥
C0025,擺一桌絕妙的宋朝茶席
C0026,讓天賦自由
C0027,三杯茶
C0028,我看見音符的顏色
C0029,蔡康永的說話之道
C0030,年輕人寫給年輕人的人生攻略本
C0031,樂在工作 在工作中得到成功、財富與幸福
C0032,發明癌症試紙男孩-看一位少年科學家如何創新思維改變世界
C0033,賈伯斯的夏夜謎題
C0034,不要覺得自己不夠好，那些挫折教會我的25件事
C0035,一圖一招，試無不利 東大生解題致勝學習法
C0036,一讀一行 從乳蛇到人生贏家的自我充實法
C0037,圖解數學一點通!這樣教，三年級就能解出七年級題目
C0038,創意不足?用TRIZ40則發明原理 幫您解決!不用再羨慕日本人的創意
C0039,反智
C0040,素養導向國語文評量設計實務
C0041,溫美玉老師的秘密武器
C0042,魔女宅急便4-琪琪談戀愛
C0043,魔女宅急便3-遇見另一位魔女
C0044,魔女宅急便2-琪琪的新魔法
C0045,家傳大煎鍋
C0046,靈魂之湖
C0047,歡迎光臨 疑家家居
C0048,小魚的成長練習曲-享受付出，找回快樂
C0049,角落生物小夥伴 善用時間的方法
C0050,小說課之王-折磨讀者的秘密
C0051,垃圾車法則
C0052,鷹與心的追尋
C0053,獵書遊戲
C0054,〔中學生〕晨讀十分鐘 放眼天下勵志文選
C0055,殺戒1
C0056,騎士守則
C0057,暴風雨的夜晚
C0058,播磨丸
C0059,窗邊的小荳荳
C0060,時光旅人
C0061,少年葛瑪蘭
C0062,表裏日本
C0063,學生
C0064,好鄰居
C0065,科青的趕時間科學教室
C0066,從艾略特到杜勒斯
C0067,王爾德短篇小說集
C0068,科青的趕時間科學教室
C0069,離島醫生
C0070,丞相大人的成績單
C0071,我的心，我的眼，看見台灣
C0072,三國人物攻略-曹操
C0073,孤宿之人
C0074,我相信的事
C0075,妖怪藥局1-我的玉兔店長
C0076,妖怪藥局1-我的玉兔店長
C0077,穿越故宮大冒險1-翠玉白菜上的蒙古女孩
C0078,2小時讀通!用得到的日本史
C0079,老師來不及教的101個元朝趣史
C0080,除不盡的愛:台灣雨人與特教媽媽的六堂課
C0081,擁抱絲路 斯人斯土雨征途
C0082,金庸作品17-倚天屠龍記(二)
C0083,金庸作品16-倚天屠龍記(一)
C0084,金庸作品18-倚天屠龍記(三)
C0085,金庸作品19-倚天屠龍記(四)
C0086,金庸作品20-連城訣(全)
C0087,金庸作品21-天龍八部(一)
C0088,金庸作品22-天龍八部(二)
C0089,金庸作品23-天龍八部(三)
C0090,金庸作品24-天龍八部(四)
C0091,金庸作品25-天龍八部(五)
C0092,用地圖看懂台灣經濟
C0093,許願椅又逃跑了
C0094,門外漢的京都
C0095,英文好名誌
C0096,你所不知道的泰國
C0097,金庸作品26-俠客行(一)
C0098,金庸作品27-俠客行(二)
C0099,金庸作品28-笑傲江湖(一)
C0100,金庸作品29-笑傲江湖(二)
C0101,金庸作品30-笑傲江湖(三)
C0102,金庸作品31-笑傲江湖(四)
C0103,金庸作品2-書劍恩仇錄(二)
C0104,金庸作品3-碧血劍(一)
C0105,金庸作品5-射鵰英雄傳(一)
C0106,金庸作品5-射鵰英雄傳(一)
C0107,金庸作品6-射鵰英雄傳(二)
C0108,金庸作品7-射鵰英雄傳(三)
C0109,金庸作品8-射鵰英雄傳(四)
C0110,金庸作品8-射鵰英雄傳(四)
C0111,金庸作品9-神鵰俠侶(一)
C0112,金庸作品10-神鵰俠侶(二)
C0113,金庸作品15-飛狐外傳(二)
C0114,金庸作品14-飛狐外傳(一)
C0115,金庸作品13-雪山飛狐(全)
C0116,金庸作品12-神鵰俠侶(四)
C0117,金庸作品11-神鵰俠侶(三)
C0118,Dear
C0119,泡泡紙男孩
C0120,壞學姊
C0121,離別前，再說一次再見
C0122,危險心靈
C0123,魔戒首部曲-魔戒現身
C0124,蛤蟆先生去看心理師
C0125,好節氣 好天氣
C0126,電影裡的生命教育
C0127,盛宣懷 中國商父與她的商業帝國
C0128,墜落之前
C0129,別人的孩子
C0130,女保鑣
C0131,極北
C0132,我從拘留室搬進東倫敦之後
C0133,亡命化學家
C0134,明天，我要和昨天的你約會
C0135,先別急著吃棉花糖
C0136,敢於大膽希望-歐巴馬七篇關鍵演說
C0137,動物世界的永恆經典叢林之書
C0138,月光之東
C0139,小鎮書情
C0140,日本製造 東京廣告人的潮流觀察筆記
C0141,復活的軍團
C0142,茶與茶人-二十二則茶的故事，揭開茶的前世今生
C0143,上古的人-文明的起源
C0144,陳珍妮的宇宙指南
C0145,蘿西計畫
C0146,最後的演講永不完結-送別藍迪，擁抱新夢想
C0147,荷蘭不唬爛
C0148,萬曆駕到
C0149,碟影世界特警隊5-第五元象
C0150,機器人系列4-艾西莫夫機器人故事全集
C0151,島嶼上的飯桌
C0152,叢林之書續篇-狼孩子的終極探險
C0153,守護胎灣河川橋梁
C0154,只有她知道
C0155,陳珍妮的宇宙指南
C0156,織色入史箋
C0157,慢遊，旅人的瑞士
C0158,宋詞背後的秘密
C0159,尋找台灣特有種旅行
C0160,人生，不求速度，只求方向
C0161,尋找中央山脈的弟兄
C0162,尋找中央山脈的弟兄
C0163,單字密碼-三段式解析，過目不忘，快速提升英語力
C0164,電影是如何拍成的-中小學生素養的第一本書
C0165,掟上今日的備忘錄
C0166,穿越故宮大冒險1-翠玉白菜上的蒙古女孩
C0167,穿越故宮大冒險1-翠玉白菜上的蒙古女孩
C0168,烏鴉姬不宜穿華裳
C0169,房間裡的大象
C0170,台灣異聞錄
C0171,千年語錄 世界各國的智慧遺產讓我們領悟的事情
C0172,在被狐狸騙一次
C0173,來自古井的小神童
C0174,五天
C0175,納尼亞傳奇-獅子、女巫、魔衣櫥
C0176,武漢封城日記
C0177,隱頁書城
C0178,安徒生故事全集【四之一】
C0179,安徒生故事全集【四之二】
C0180,安徒生故事全集【四之三】
C0181,安徒生故事全集【四之四】
C0182,烈焰雙生
C0183,盜墓筆記之10-謎海歸巢
C0184,盜墓筆記第二季之3-邛龍石影1
C0185,盜墓筆記第二季之4-邛龍石影2
C0186,盜墓筆記之9 蛇沼鬼城
C0187,手斧男孩1-首部曲
C0188,手斧男孩2 -領帶河
C0189,手斧男孩3-另一種結局 
C0190,手斧男孩4-鹿精靈
C0191,手斧男孩5-獵殺布萊恩
C0192,手斧男孩8 -英語求生100天
C0193,挑戰莎士比亞-我就是夏洛克
C0194,作文滿級分這樣寫
C0195,世界著名的閱讀教育
C0196,台塑打造石化王國-王永慶的管理世界
C0197,尋找北京人(上)
C0198,葉丙成的機率驚豔-當數學遇上文學，學生考不好也會笑著裡開
C0199,非典型人生建言
C0200,經營之神-王永慶的傳承者
C0201,凝視死亡
C0202,往事並不如煙
C0203,織田信度-烈焰人生
C0204,豐臣秀吉-天下之夢
C0205,德川家康-天下太平
C0206,豐臣秀吉-天下之夢
C0207,德川家康-天下太平
C0208,千年房市-古人安心成家方案
C0209,燦爛千陽
C0210,放學後再推理
C0211,寫給未來的日記
C0212,〔中學生〕生涯探索故事集
C0213,盜墓筆記第二季之2
C0214,別哭，星星會升起
C0215,台灣異聞錄
C0216,織田信長-烈焰人生
C0217,愛，回家
C0218,發明學-改變世界
C0219,故事如改變你的大腦?
C0220,神偷
C0221,白馬酒館
C0222,歐洲的心臟-德國如何改變自己
C0223,台灣顏色
C0224,上一堂最好玩的日本學 政大超人氣通識課「從漫畫看日本」
C0225,西蒙和他的出櫃日記
C0226,物理才是最好的人生指南-讓宇宙定律為你效勞
C0227,一位老校長引導的學習革命-瑞士學徒制教育在公東
C0228,附上我的愛
C0229,如何在數位時代活得自在
C0230,有人在鹿港搞鬼
C0231,克拉拉的箱子
C0232,玉山的召喚
C0233,學生2溫暖的手勢
C0234,中學生人物故事集
C0235,教育應該不一樣
C0236,請把門鎖好
C0237,陰森的洞穴
C0238,金三角
C0239,西奧律師事務所1-不存在的證人
C0240,用故事教孩子邏輯思考綠
C0241,翻轉財富的人生練習
C0242,帶妹妹長大的小孩
C0243,香港歷史散步
C0244,八卦醫學史
C0245,植物獵人茶盜之旅-改變中英帝國茶葉貿易史
C0246,八卦醫學史
C0247,小小夜曲
C0248,博士熱愛算式
C0249,送走霉運那一年
C0250,挪威的森林「上」
C0251,挪威的森林「下」
C0252,檸檬圖書館
C0253,飛天車碰!碰!
C0254,梅岡城故事
C0255,在天堂遇見的五個人
C0256,100萬個的願望-網路天才少女化身知識公益天使
C0257,柳林中的風聲
C0258,我，比不快樂更快樂
C0259,邪惡的村子
C0260,櫻風堂書店 奇蹟物語
C0261,咖啡館2 夢見咖啡歐蕾的女孩
C0262,咖啡館4 休息中，咖啡的五種風味
C0263,蜻蜓眼
C0264,跡履
C0265,艷陽下的謀殺案
C0266,第九屆林榮三文學獎得獎作品集
C0267,上一堂最好玩的韓國學
C0268,數學天方夜譚-薩米爾的奇幻之旅
C0269,魔戒前傳-哈比人歷險記
C0270,魔戒二部曲-雙城奇謀
C0271,詞靈
C0272,〔中學生〕文學大師短篇名作選
C0273,普通不普通
C0274,蝴蝶花園
C0275,HOLES洞
C0276,魂縈舊恨
C0277,西塔佛秘案
C0278,死亡暗道
C0279,萬能鑑定士Q的事件簿2-凜田莉子一戰成名
C0280,萬能鑑定士Q的事件簿3-絕對音感VS.莉子的直覺
C0281,萬能鑑定士Q的事件簿4-燃燒的珍品海報
C0282,萬能鑑定士Q的事件簿7-莉子PK時尚女王
C0283,萬能鑑定士Q的事件簿8
C0284,歸鄉
C0285,幻想電影院
C0286,掟上今日的辭職信
C0287,孤狼
C0288,蝕罪
C0289,一人管樂社
C0290,行星凱倫
C0291,幻想風琴
C0292,掟上今日的婚姻屆
C0293,初戀品鑑師
C0294,第十九屆林榮三文學獎得獎作品集
C0295,讓高牆倒下吧
C0296,男人與男孩
C0297,幹嘛學數學
C0298,我就是夏洛克
C0299,這位台灣郎會說25種語言
C0300,阿米2宇宙之心
C0301,辛德勒的名單
C0302,所羅門王的指環
C0303,貓頭鷹守護者1-逃離聖鬼鴞學院
C0304,萬能鑑定士的事件簿－京都名寺靈驗的秘密
C0305,福爾摩斯探案全集１－暗紅色的研究
C0306,福爾摩斯探案全集２－四個人的簽名
C0307,福爾摩斯探案全集３－福爾摩斯辦案記
C0308,福爾摩斯探案全集４-福爾摩斯回憶記
C0309,福爾摩斯探案全集５-巴斯克村獵犬
C0310,福爾摩斯探案全集６-福爾摩斯歸來記
C0311,福爾摩斯探案全集７-恐懼之谷
C0312,福爾摩斯探案全集８-福爾摩斯退場記
C0313,福爾摩斯探案全集９-福爾摩斯檔案簿
C0314,福爾摩斯探案全集１０-柯南·道爾的一生
C0315,請問侯文詠-一場與內在對話的旅程
C0316,圖解台灣老地名
C0317,遇見虎靈的女孩
C0318,台灣文創的第一堂課
C0319,億載金城之暗夜迷蹤
C0320,八卦醫學史
C0321,80/20法則
C0322,擁有九頂假髮的女孩
C0323,科學史上的今天1月-6月
C0324,科學史上的今天7月-12月
C0325,神田魂
C0326,殺手-風華絕對的正義
C0327,炒飯狙擊手
C0328,白酒馬館
C0329,西奧律師事務所3 頭號嫌疑犯
C0330,再見天人菊
C0331,達爾文女孩的新航線
C0332,誰偷了維梅爾?
C0333,異能時代
C0334,樂活國民曆
C0335,暮光之城
C0336,穿條紋衣的男孩
C0337,最後一個知識人
C0338,半個地球的距離
C0339,為愛，竭盡所能
C0340,人生第二曲線
C0341,鬧中取靜
C0342,修羅火
C0343,幻紙魔法師2 猜心謎鏡
C0344,怪盜與名偵探
C0345,八一三之謎
C0346,漂浮男孩
C0347,第五項修練
C0348, 尋找回憶的偵探們2 風乾受傷的心
C0349,章魚法官的家庭法學課
C0350,少年台灣史
C0351,最後的演講ㄦ-典藏紀念版
C0352,天空色的年輪蛋糕
C0353,史凱力
C0354,那些異國玩意兒
C0355,星空下的奇幻旅程-蜥蜴女孩&羊駝男孩
C0356,誰在上網？網路使用者大調查
C0357,閱讀的力量-改變生命的十趟閱讀之旅
C0358,閱讀的力量-改變生命的十趟閱讀之旅
C0359,先別急著當傻瓜-Mensa會長激勵人心的生命故事
C0360,從讀到寫-林怡辰的閱讀教育
C0361,閱讀的力量-改變生命的十趟閱讀之旅
C0362,讀書別靠意志力
C0363,誰幫我們撐住天空
C0364,狡猾的讀書法-改變學習順序，我從大學落榜生變王牌律師
C0365,洋溢幸福的青苔小世界
C0366,下一個天亮
C0367,驚人的數學魔術-18堂課，輕鬆變身數學Ａ咖
C0368,有效閱讀-閱讀理解，如何學？如何教？
C0369,翻轉財富的人生練習-全方位理財實踐版
C0370,翻轉財富的人生練習-全方位理財實踐版
C0371,白鯨記
C0372,默默
C0373,聽，世界在吟唱
C0374,晴雨同沐
C0375,你就是改變的起點
C0376,人生不設限-我那好的不像話的生命體驗
C0377,人生不設限-我那好的不像話的生命體驗
C0378,劉墉作品-肯定自己
C0379,100萬的願望-網路天才少女化身知識公益天使
C0380,愛的教育
C0381,走向世界！哈佛、牛津教你如何鍛鍊思考力
C0382,林榮三文學獎-得獎作品
C0383,發現天賦之旅
C0384,氣質卡小狗學堂
C0385,識人！案情並不單純
C0386,帶你玩遍阿拉斯加
C0387,育空極地大冒險
C0388,地球村孩童的夢想
C0389,融入顧客情境-台灣7-ELEVEN的共好經濟學
C0390,專業管理實務入門-新ＰＭＢＯＫ增補改訂版
C0391,只是開玩笑，竟然變被告？
C0392,跟ＴＥＤ學說故事，感動全世界
C0393,巴黎小閣樓糕點派對
C0394,身體的想像，比心思更犀利
C0395,和牛津、劍橋新鮮人一起思考
C0396,勇闖埃及-貧民窟、性工作者、茉莉花革命
C0397,法治大國的日常小事
C0398,一百件洋裝
C0399,跌倒了也要向前進
C0400,波特萊爾大遇險-糟糕的工廠
C0401,我的過動人生
C0402,少年間諜愛列克—飛鷹特擊
C0403,少年間諜愛列克—毒蠍獵殺
C0404,少年間諜愛列克—方舟天使
C0405,一個人的遠行
C0406,雨果的秘密
C0407,不能只有我看到！台灣史上的小人物大有事
C0408,珊瑚島
C0409,手提箱小孩
C0410,出事的那一天
C0411,時報廣場的蟋蟀
C0412,地板下的舊懷錶
C0413,0到10的情書
C0414,13號月台的秘密
C0415,人生呀，歡迎迷路
C0416,筷
C0417,孩子，別急著吃棉花糖
C0418,心上的刺青-寫給相信生命能改變的人
C0419,大學生不要當的28種人
C0420,侯文詠極短篇
C0421,勢不可當-化信心為行動的神奇力量
C0422,也許我們沒有共同的過去，但一定可以有共同的未來
C0423,探長索恩
C0424,孤宿之人「下」
C0425,換一雙眼睛去散步-跟11位專家在日常生活中找到驚奇
C0426,希望回來了-最大的苦難，最美的重生
C0427,春宵苦短，少女前進吧！
C0428,碟形世界特警隊3另有隱情
C0429,金庸作品集32-鹿鼎記（一）
C0430,金庸作品集33-鹿鼎記（二）
C0431,金庸作品集34-鹿鼎記（三）
C0432,金庸作品集35-鹿鼎記（四）
C0433,金庸作品集36-鹿鼎記（五）
C0434,金庸作品集3-碧血劍（上）
C0435,金庸作品集－碧血劍（下）
C0436,夏日大作戰
C0437,魔女宅急便
C0438,夜班經理
C0439,無怨的青春
C0440,咖啡館推理事件簿-下次見面的時請讓我品嚐你煮的咖啡
C0441,咖啡館推理事件簿3-令人心慌的咖啡香
C0442,以父之名－歐巴馬的夢想之路
C0443,森林送信人
C0444,理財小達人-為什麼國家有的窮、有的富？
C0445,理財小達人-為什麼全世界不能用一種錢？
C0446,理財小達人-為什麼我不能把錢花光？
C0447,理財小達人-為什麼爸媽忙著努力賺錢？
C0448,碟形世界特警隊4放馬過來
C0449,我不是自己
C0450,碟形世界特警隊7砰！砰！砰！
C0451,崩壞國文-唐代文學與它們的作者長安水邊多魯蛇？
C0452,晨讀10分鐘-『中學生』成長故事集
C0453,晨讀10分鐘-挑戰極限探險故事
C0454,今文觀止-從故紙看今朝
C0455,大學的脊梁
C0456,芒果貓
C0457,風的女兒
C0458,波特萊爾大遇險-吃人的遊樂園
C0459,甲蟲男孩
C0460,順風耳的新香爐
C0461,朋友未遂
C0462,魔戒三部曲-王者再臨
C0463,男孩裡的小宇宙
C0464,魔法十年屋2-我把時間送給你
C0465,魔法十年屋2-我把時間送給你
C0466,用故事教孩子邏輯思考力
C0467,黑珍珠
C0468,落難美女與私家偵探
C0469,牧羊人的孫女
C0470,御風而上
C0471,學習就是要有計劃！美國ＳＡＴ榜首的考試、記憶、動機訓練法
C0472,做自己與別人生命中的天使
C0473,踏出相信自己的第一步-中輟社長和精英社長教你突破格局的6堂課
C0474,李遠哲傳（上）
C0475,李遠哲傳（下）
C0476,晨讀10分鐘-『中學生』你的獨特，我看見
C0477,瓶中迷境
C0478,愛麗絲夢遊其奇境
C0479,解憂雜貨店
C0480,一百件洋裝
C0481,包公哪有那麼黑
C0482,擁抱，或是反飯上撒點鹽
C0483,博士熱愛的算式
C0484,寂靜的爆彈
C0485,少年小樹之歌
C0486,掟上今日子的遺言書
C0487,掟上今日子推薦文
C0488,掟上今日子的挑戰狀
C0489,幻想偵探社
C0490,相剋
C0491,同期
C0492,果斷
C0493,缺席
C0494,幻想郵局
C0495,邂逅
C0496,媽媽、爸爸我和她
C0497,會跳舞的熊
C0498,世界文學典藏版08-小王子
C0499,自由幻夢
C0500,墓園裡的男孩
C0501,我被轉發了一百萬次
C0502,第十四道門
C0503,11歲男孩的祈禱-一起種樹救地球！
C0504,82年生的金智英
C0505,動物星球偵探事件簿
C0506,少年間諜愛列克2-直擊巔峰
C0507,少年間諜愛列克3-骷髏島
C0508,天橋上的魔術師
C0509,ＺＥＲＯ Ｋ
C0510,偵探偶爾獅性大發-蠻憨女偵探事件簿1
C0511,學生3-叫我最後一名
C0512,中學生好享讀-莎士比亞故事選（下）
C0513,消失的古國-考古學家如何發掘歷史上存在、但地理上消失的36個國家
C0514,小頭目優瑪3-那是誰的尾巴
C0515,給偵探社挑戰書-放學後再推理2
C0516,悶蛋小鎮
C0517,男子啦啦隊！！
C0518,相信樹的人
C0519,巴別塔之夢
C0520,貓頭鷹守護神3-索倫的救援計劃
C0521,貓頭鷹守護神2-飛向蓋胡島神木
C0522,歐幾里得空間的殺人魔
C0523,這一生，至少當一次傻瓜-木村阿公的奇蹟蘋果
C0524,奧運金牌的故事
C0525,咖啡館推理事件簿-下次見面時讓我品嚐你煮的咖啡
C0526,我要帶你回家
C0527,星星糖（下）
C0528,西奧律師事務所6-老師犯規了
C0529,我綁架了外公
C0530,拍案驚奇
C0531,奇想三國2-萬靈神獸
C0532,神秘圖書館偵探1-芽門、彩花籽與小小巫婆
C0533,魔法十年屋1-想不想試試時間的魔法？
C0534,不可思議先生故事集
C0535,小頭目優瑪5-野人傳奇
C0536,亞斯少年校園偵探事件簿
C0537,諾和我
C0538,李查德作品-私人恩怨
C0539,貝多芬的眼淚
C0540,成績單
C0541,海賊王的哲學課
C0542,尋找回憶的偵探們3-沈默之詩
C0543,櫻子小姐腳下埋著屍體3-秋雨、校慶、你的謊言
C0544,櫻子小姐腳下埋著屍體4-初冬、蝴蝶、消失的少女
C0545,窮爸爸教出富小孩-內建孩子裡財力父母絕對要懂的15項ＦＱ教養學
C0546,神奇的小花圖作文法-68個學生，57個六級分，還能提升思考力
C0547,文學星斗-世界文學名作選
C0548,就是愛寫作
C0549,1979年紐伯瑞銀牌獎-吉莉的選擇
C0550,我的校外教學-印度篇
C0551,高雄左營-七日的青鳥
C0552,北城百畫帖
C0553,章魚法官來說法
C0554,星火燎原
C0555,可不可以，陪我到最後
C0556,妖怪藥局2-神仙惹麻煩
C0557,妖怪藥局2-神仙惹麻煩
C0558,哈利波特 消失的密室
C0559,哈利波特 神秘的魔法石
C0560,哈利波特 鳳凰會的密令
C0561,哈利波特  火盃的考驗
C0562,哈利波特 阿茲卡班的逃犯
C0563,奇怪的生物的知識增加了
C0564,追風箏的孩子
C0565,再見，總有一天
C0566,午餐錢大計畫
C0567,幻紙魔法師
C0568,夢幻花
C0569,懸疑大破解！250個為什麼？
C0570,情緒勒索
C0571,陰陽師2 飛天卷
C0572,陰陽師3 付喪神卷
C0573,陰陽師4 鳳凰卷
C0574,陰陽師5 龍笛卷
C0575,陰陽師6 晴明取瘤
C0576,陰陽師7 太極卷
C0577,陰陽師8 首塚
C0578,與你同行玩出素養的語文課
C0579,第十九屆林榮三文學獎
C0580,第十九屆林榮三文學獎
C0581,第十九屆林榮三文學獎
C0582,第九屆林榮三文學獎
C0583,第九屆林榮三文學獎
C0584,第九屆林榮三文學獎
C0585,第十五屆林榮三文學獎
C0586,第十五屆林榮三文學獎
C0587,第十五屆林榮三文學獎
C0588,曝光 2011打狗鳳邑文學獎
C0589,82年生的金智英
C0590,82年生的金智英
C0591,大象的孩子
C0592,怪奇科學研究所
C0593,林投劫
C0594,李宗吾 待人處世不敗哲學
C0595,總裁獅子心
C0596,你真的不必討好所有人
C0597,霍格華茲圖書館 穿越歷史的魁地奇
C0598,霍格華茲圖書館 吟遊詩人皮陀故事集
C0599,霍格華茲圖書館 怪獸與他們的產地
C0600,醫學之卵
C0601,醫學之卵
C0602,黑糖的女兒
C0603,黑糖的女兒
C0604,再見木瓜樹
C0605,熱愛恐龍的女孩
C0606,熱愛恐龍的女孩
C0607,經典古文小寓言
C0608,尋找故事開始的地方
C0609,尋找故事開始的地方
C0610,負影
C0611,筷
C0612,月亮睡著人
C0613,我是傑克，超跩萬事通
C0614,跡履 每個人都有一條堅持要走的路
C0615,跡履 每個人都有一條堅持要走的路
C0616,跡履 每個人都有一條堅持要走的路
C0617,戰慄森林
C0618,未曾上映的電影
C0619,串起星星的手
C0620,崑崙傳說 靈獸轉生
C0621,祕密花園
C0622,尋味
C0623,尋味
C0624,未曾上映的電影
C0625,自己膝蓋自己救 退化性膝關節炎的真相
C0626,噶瑪蘭有塊救人地
C0627,尋找回憶的偵探們
C0628,再見木瓜樹
C0629,新月
C0630,蝕
C0631,暮光之城 破曉
C0632,哈比人
C0633,魔戒現身
C0634,雙城奇謀
C0635,王者再臨
C0636,科學史上的今天 1-6月 歷史瞬間改變世界的起點
C0637,科學史上的今天7-12月 歷史瞬間改變世界的起點
C0638,安徒生故事集1
C0639,安徒生故事集2
C0640,安徒生故事集3
C0641,安徒生故事集4
C0642,文言文閱讀素養 從寓言故事開始
C0643,不要講話
C0644,不要講話
C0645,完美替身
C0646,蘭德里校園報
C0647,不要講話
C0648,不要講話
C0649,我是貓
C0650,少爺
C0651,我是傑克，霸凌終結者
C0652,就愛找麻煩
C0653,遇見100%的女孩
C0654,斜陽
C0655,獵書遊戲 逃出惡魔島
C0656,獵書遊戲 被詛咒的寶藏
C0657,獵書遊戲
C0658,手斧男孩 首部曲
C0659,太陽神試煉2 闇黑預言
C0660,太陽神試煉3 烈焰迷宮
C0661,太陽神試煉4 暴君之墓
C0662,太陽神試煉5 尼祿之塔
C0663,混血營英雄1 迷路英雄
C0664,混血營英雄2 海神之子
C0665,混血營英雄3 智慧印記
C0666,混血營英雄4 冥王之府
C0667,混血營英雄5 英雄之血
C0668,埃及守護神1 紅色金字塔
C0669,埃及守護神2 火焰的王座
C0670,埃及守護神3 巨蛇的闇影
C0671,阿思嘉末日1 夏日之劍
C0672,阿思嘉末日2 雷神戰槌
C0673,阿思嘉末日3 幽冥之船
C0674,修練 前傳  未知樹的預言
C0675,修練I 動物精的秘密
C0676,修練II 千年之約
C0677,修練III 穿越神異界
C0678,修練IV 異種再現
C0679,添翼 培力與轉變的社工路
C0680,添翼 培力與轉變的社工路
C0681,添翼 培力與轉變的社工路
C0682,文言文閱讀素養 從寓言故事開始
C9999,
C0684,
C0685,
C0686,
C0687,
C0688,
A0001,原來科學這麼好玩
A0002,動物園裡的動物寶寶
A0003,快要絕種的動物
A0004,會幫人做事的狗
A0005,動物怎麼躲藏
A0006,恐龍
A0007,毛茸茸的的小可愛
A0008,動物躲起來的地方
A0009,蜜蜂
A0010,貓-家裡的小老虎
A0011,生活在大海裡的動物
A0012,腳底下的世界
A0013,藍鯨
A0014,動物怎麼交談
A0015,動物的旅行
A0016,怎麼畫都不會錯的魔法會本
A0017,澳洲的奇妙動物
A0018,動物怎麼照顧小寶寶
A0019,救救我們的動物朋友
A0020,幫人類做事的動物
A0021,熊寶寶怎麼長大
A0022,秋天裏發生了什麼事
A0023,鳥寶寶怎麼長大
A0024,住在樹上的動物
A0025,熊貓
A0026,動物的鬼把戲
A0027,海裏的寶藏
A0028,愛玩耍的海豚
A0029,池塘和溪流裏的生物
A0030,兩棲類和爬蟲類
A0031,樹林裏的動物
A0032,動物的夏天生活
A0033,大自然動物小百科 和恐龍面對面
A0034,大自然動物小百科 和昆蟲面對面
A0035,大自然動物小百科 和動物面對面
A0036,大自然動物小百科 和海洋面對面
A0037,不要嚇到獅子
A0038,我真的好愛你
A0039,葛斯巴
A0040,鳥和魚
A0041,傑克教授的菜園
A0042,獨一無二的美寶
A0043,小小麵包師卡力
A0044,野獸與男孩
A0045,掃墓雪人和眼鏡雪人
A0046,很久，很久以前….
A0047,髒小弟
A0048,草地時鐘 四季的草地
A0049,花卉時鐘 花朵的春夏秋冬
A0050,蝴蝶時鐘 四季中的蝴蝶與蛾
A0051,太陽時鐘 陽光下的動植物
A0052,樹木時鐘 四季中的樹木
A0053,大地時鐘 大地四季中的動植物
A0054,迷糊妹
A0055,說謊的獅子
A0056,春天農莊的孩子與動物
A0057,一條紅線
A0058,我有友情要出租
A0059,地震王國
A0060,我們的樹
A0061,毛頭小鷹
A0062,超棒貓迪西
A0063,我們的媽媽在哪裡?
A0064,機器人與小鳥
A0065,媽媽的禮物
A0066,長頸鹿好長喔!
A0067,甘地
A0068,牛頓
A0069,馬可波羅
A0070,德蕾莎修女
A0071,達爾文
A0072,釋迦摩尼
A0073,耶穌
A0074,玄奘
A0075,梵谷
A0076,愛因斯坦
A0077,達文西
A0078,安徒生200年珍藏繪本 勇敢的錫兵
A0079,安徒生200年珍藏繪本 野天鵝
A0080,安徒生200年珍藏繪本 雪后
A0081,安徒生200年珍藏繪本 夜鶯
A0082,安徒生200年珍藏繪本 賣火柴的小女孩
A0083,安徒生200年珍藏繪本 國王的新衣
A0084,五個小英雄
A0085,癩蝦蟆與變色龍
A0086,安徒生200年珍藏繪本 拇指姑娘
A0087,蟲蟲盃足球大賽
A0088,少年林肯-對樹說話的男孩
A0089,真是了不起勳章
A0090,臭起司小子爆笑故事大集合
A0091,阿布的力氣
A0092,糖果牙齒
A0093,維妮上學囉
A0094,莎莎妹妹
A0095,早安，荳荳!
A0096,奇奇愛耍酷
A0097,特別的隊伍
A0098,雞的祖先是霸王龍
A0099,如果有一天，我們都沒有東西吃….
A0100,強尼的神奇種子
A0101,鄧肯
A0102,犰狳愛麗絲
A0103,想像與寫實 奇幻藝術大師教你畫出不存在的事物
A0104,古怪公主羅莎貝拉
A0105,瑞秋‧卡森的故事
A0106,線索藏在大便裡!
A0107,219隻螳螂
A0108,我的34秘密基地
A0109,世界是怎麼改變的?
A0110,40立體畫法
A0111,路易、青春、練習曲
A0112,雞的祖先是霸王龍
A0113,我愛牛奶
A0114,沉睡中的種子
A0115,祝你生日快樂
A0116,就是愛畫畫
A0117,簡愛狐狸與我
A0118,大雄郵差的花園
A0119,小作家珮珮
A0120,奔跑吧!小斑馬
A0121,小樂團的演奏會
A0122,雪橇馴鹿選拔賽
A0123,夏夜，大家都在做什麼?
A0124,夏夜，大家都在做什麼?
A0125,夏天，大家都在做什麼?
A0126,夏天，大家都在做什麼?
A0127,秋天，大家都在做什麼?
A0128,秋天，大家都在做什麼?
A0129,春天，大家都在做什麼?
A0130,冬天，大家都在做什麼?
A0131,冬天，大家都在做什麼?
A0132,最高的塔＊最小的星球 穿越時空世界紀錄比一比
A0133,鯊魚大追擊
A0134,看!畢卡索畫格爾尼卡
A0135,小瓢蟲找新家
A0136,生命簡史 從宇宙起源到人類文明，重返生物演化大歷史
A0137,生命簡史 從宇宙起源到人類文明，重返生物演化大歷史
A0138,地圖
A0139,ㄅㄧ ㄅㄧ ㄅㄧ警察伯伯來了
A0140,ㄅㄧ ㄅㄧ ㄅㄧ警察伯伯來了
A0141,老師最萬能
A0142,老師最萬能
A0143,我要做好同學
A0144,我要做好同學
A0145,尊重一下也很好
A0146,愛是共同的禮物
A0147,相信一定可以的
A0148,相信一定可以的
A0149,責任最重要
A0150,責任最重要
A0151,ㄉㄤ ㄉㄤ  ㄉㄤ 消防隊來了
A0152,最美的零碳生活
A0153,最美的零碳生活
A0154,植物小百科1 肚臍的故事 生命的延續
A0155,植物小百科2 到更遙遠的地方 生命的傳播
A0156,植物小百科3 只要我長大 草木的生長
A0157,植物小百科4 植物與季節 四季循環見冷暖
A0158,植物小百科5 肚子好餓喔! 生命的維持
A0159,植物小百科6 我也需要睡眠 植物也會活動
A0160,植物小百科7 何處是兒家 植物的生活場所
A0161,植物小百科8 我的敵人是誰 奇妙的食物鏈
A0162,植物小百科9 生命的誕生 傳播花粉的好朋友
A0163,植物小百科10 植物是人類之寶 草木與人類
A0164,新編彩色世界童話全集7 金鳥◆羽毛婆婆
A0165,新編彩色世界童話全集13 白雪公主◆下巴王子
A0166,新編彩色世界童話全集14 森林中的三矮人◆白蛇
A0167,新編彩色世界童話全集16 灰姑娘◆藍鬍子魔王
A0168,新編彩色世界童話全集17 小紅帽◆驢子皮
A0169,新編彩色世界童話全集18 七隻烏鴉◆三隻狗
A0170,新編彩色世界童話全集20 紅色魔術師◆三個音樂家
A0171,新編彩色世界童話全集22 三顆檸檬◆眼瞎的酋長
A0172,新編彩色世界童話全集28 阿里巴巴和四十大盜◆阿布達拉
A0173,新編彩色世界童話全集30 魔桌◆夜鶯
A0174,國語周刊合訂本
A0175,Adma the Angry
A0176,The brain
A0177,Cool Charlie
A0178,Dragon or Dragonfly
A0179,The Elephant and Runaway Egg
A0180,Jack's Fear
A0181,The Grumpy Goblin
A0182,Hank and Hello
A0183,The Ice Sculpture Competition
A0184,The Jully Doughnut That Lost Its
A0185,The King Who Knew Kung Fu
A0186,The Little White Lie
A0187,The Magic Mirrow
A0188,The Nodding Noodles
A0189,Oliver the Otter
A0190,Pete the Parasite
A0191,The Quirk Queen
A0192,The Rebel Rabbit
A0193,The Snake's Skin
A0194,The Timis Tigger
A0195,The Ugly Ducking
A0196,The Vain Vampire
A0197,The Werewolf
A0198,An eXtraOrdinary Day
A0199,The Yawning Yeti
A0200,The Zombies Go to the Zoo
A0201,一隻想當爸爸的熊
A0202,如果我可以許一個願望
A0203,大吼大叫的企鵝媽媽
A0204,小孩子
A0205,如果世界上沒有鯨魚…
A0206,再上去是什麼?
A0207,淅瀝!嘩啦!啪啦!
A0208,我愛吃…
A0209,我的身體你的身體
A0210,時間滴答滴
A0211,皮皮與積木
A0212,追 追 追
A0213,小玫的寶寶
A0214,小莉的一天
A0215,閱讀魔法書 成長體驗系列
A0216,閱讀魔法書 想像創意系列
A0217,閱讀魔法書 關懷分享系列
A0218,繪本經典15 大海
A0219,繪本經典10 愛蓋章的國王
A0220,繪本經典9 老虎
A0221,繪本經典8 小老鼠和大象
A0222,繪本經典7 蘋果小喇嘛
A0223,繪本經典6 小罐頭
A0224,你確定嗎?
A0225,沒有人要的禮物
A0226,驢耳朵王子
A0227,不愛上學的皮皮
A0228,救命呀!巨無霸龍來了!
A0229,我是孫子
A0230,月球旅行指南 小兔子的月球之旅
A0231,媽媽最棒 爸爸最棒
A0232,耳外有藍天
A0233,耳外有藍天
A0234,臉紅的滋味
A0235,三年坡
A0236,National Geographic 那時候魚兒還有腳，鯊魚剛長牙，蟲子滿地爬
A0237,National Geographic 那時候蟲子比人大，植物不開花，四足類稱霸
A0238,National Geographic 那時候的恐龍開始茁壯，哺乳類東躲西藏，翼龍展翅飛翔
A0239,醜小鴨長大了
A0240,壞脾氣的章魚
A0241,我好難過
A0242,雪地裡
A0243,呼洛特上學去
A0244,科學的精采發現 石頭怪物的傳奇
A0245,爸爸不見了
A0246,巴托斯小屋的派對
A0247,幾米作品44 真的假的啊?
A0248,春天來了 貓頭鷹阿姨
A0249,超人氣新聞比賽
A0250,大雄的儲藏室
A0251,爺爺的天堂筆記本
A0252,牆裡的火車站
A0253,垃圾車，辛苦了!
A0254,神明繪本 月老<珍惜緣分的學習>
A0255,野狼對月亮說什麼?
A0256,灶神
A0257,圖書騎兵隊
A0258,拔蘿蔔
A0259,The Ants Parade
A0260,The mouse and his hat
A0261,The black shadow
A0262,Where is our best home
A0263,No fireely flies tonight
A0264,我好害怕
A0265,鍬形蟲小甲
A0266,補繩草的生日禮物
A0267,小象丹丹迷途記
A0268,咪咪和向日葵
A0269,不愛做工的小蜜蜂
A0270,頑皮猴拉魯
A0271,愛說故事的熊貓
A0272,河馬爺爺
A0273,夏夜的螢火蟲
A0274,走丟的小鴕鳥
A0275,燕子小雨
A0276,小獅子布其
A0277,森林裡的彩虹蘑菇
A0278,仙人掌王國歷險記
A0279,蠶寶寶和蜘蛛
A0280,幾米作品48 忘記親一下
A0281,幾米作品48 忘記親一下
A0282,我的地圖書
A0283,獅子補習班
A0284,我的感覺系列A001 我想念你
A0285,毛毛兔的情緒成長繪本II 毛毛兔不怕孤獨
A0286,毛毛兔的情緒成長繪本II 毛毛兔不會嫉妒
A0287,毛毛兔的情緒成長繪本I 毛毛兔不悲傷
A0288,毛毛兔的情緒成長繪本I 毛毛兔學會愛
A0289,第100萬隻小羊
A0290,童年的那個埤塘
A0291,不會寫字的獅子
A0292,The Aguty's Suitors
A0293,憤怒鳥遊樂園 地理世界
A0294,我的感覺系列A006 喜歡我自己
A0295,聖誕節的禮物
A0296,好大的蘿蔔
A0297,好大的蘿蔔
A0298,魔數小子25 噓，螞蟻搬東西-倍數的秘密
A0299,魔數小子24 嘻，就是這一杯-容量的秘密
A0300,魔數小子21 哎，貓咪數不完-加法與減法的秘密
A0301,魔數小子19 嘿，圖表真好用-除法的秘密
A0302,魔數小子12 喵，別叫我吃了-除法的秘密
A0303,魔數小子11  哈，宇宙無敵湯-乘法的秘密
A0304,魔數小子10  嗨，可愛的天竺鼠-金錢的秘密
A0305,魔數小子9  咦，箱子裡是啥?-立體幾何的秘密
A0306,魔數小子8 噹，奇數狀偶數-奇數與偶數的秘密
A0307,魔數小子7 噢!披薩-分數的秘密
A0308,科學不思議1 昆蟲量體重
A0309,向大自然借點子
A0310,勇12-戰鴿的故事
A0311,幾米作品39 時光電影院
A0312,幾米作品32 星空
A0313,現在工作中
A0314,向大自然借點子
A0315,小昆蟲大舞台
A0316,亞瑟小子1 我愛大鼻子
A0317,亞瑟小子2 眼鏡酷炫風
A0318,亞瑟小子3 頑固大門牙
A0319,畫鳥的男孩
A0320,大懶貓小跳蚤
A0321,我吃拉麵的時候
A0322,National Geographic 凝視台灣生態動脈
A0323,National Geographic 凝視台灣生態動脈
A0324,世界火車大集合 1314
A0325,貪吃的牛小花
A0326,貪吃的牛小花
A0327,口罩
A0328,不可思議的客人
A0329,金錢樹
A0330,貓房子
A0331,貓房子
A0332,桑尼說 對不起!
A0333,桑尼說 對不起!
A0334,端午飄粽香
A0335,端午飄粽香
A0336,螳螂太太的新家
A0337,我的瘋狂發明手繪本 
A0338,海底大奇航
A0339,感情樹
A0340,打造小小巴菲特 贏在起跑點
A0341,打造小小巴菲特 贏在起跑點
A0342,Beautfuloops!
A0343,情緒大飯店
A0344,我會好好吃飯
A0345,也許你可以
A0346,孩子的第1本芭蕾鑑賞書
A0347,孩子的第1本芭蕾鑑賞書
A0348,呼洛特上學去
A0349,大師名作繪本 那封信不見了
A0350,大師名作繪本 種樹的男人
A0351,大師名作繪本 鞋匠與魔鬼
A0352,大師名作繪本 竹林
A0353,大師名作繪本 詩人
A0354,大師名作繪本 獨角獸
A0355,大師名作繪本 旅館的那一夜
A0356,小王子靜心著色畫
A0357,奧斯瓦多的起飛
A0358,和阿布說再見
A0359,和阿布說再見
A0360,爸爸的小黑雲
A0361,世界上最好玩的數學桌遊書
A0362,我的媽媽最棒了
A0363,我的媽媽最棒了
A0364,蝸牛美美想獨處
A0365,蝸牛美美想獨處
A0366,熱愛看書的男孩
A0367,熱愛看書的男孩
A0368,愛看名畫的小貓路易
A0369,愛看名畫的小貓路易
A0370,情緒大飯店
A0371,噓!
A0372,爸爸限定
A0373,寵物爸爸
A0374,爸爸，上學囉!
A0375,嘟伊答
A0376,如果你想呼呼大睡
A0377,太陽弟兄，月亮姊妹
A0378,牙醫不要怕
A0379,牙醫不要怕
A0380,國語周刊 萌科學1
A0381,國語周刊 萌科學2
A0382,國語周刊 萌科學3
A0383,國語周刊 萌科學4
A0384,國語周刊 萌科學5
A0385,國語周刊 萌科學6
A0386,國語周刊 萌科學7
A0387,國語周刊 萌科學8
A0388,國語周刊 萌科學9
A0389,國語周刊 萌科學10
A0390,國語周刊 萌科學11
A0391,國語周刊 萌科學12
A0392,國語周刊 萌科學13
A0393,國語周刊 萌科學14
A0394,國語周刊 萌科學15
A0395,國語周刊 萌科學16
A0396,國語周刊 萌科學17
A0397,國語周刊 萌科學18
A0398,國語周刊 萌科學19
A0399,國語周刊 萌科學20
A0400,國語周刊 萌科學21
A0401,國語周刊 萌科學22
A0402,國語周刊 萌科學23
A0403,國語周刊 萌科學24
A0404,彩繪兒童古典文學1 三國演義-桃園結義
A0405,彩繪兒童古典文學2 三國演義-群雄紛爭
A0406,彩繪兒童古典文學3 三國演義-千里送嫂
A0407,彩繪兒童古典文學4 三國演義-官渡之戰
A0408,彩繪兒童古典文學5 三國演義-三顧茅廬
A0409,彩繪兒童古典文學6 三國演義-草船借箭
A0410,彩繪兒童古典文學7 三國演義-赤壁大戰
A0411,彩繪兒童古典文學8 三國演義-三國鼎立
A0412,彩繪兒童古典文學9 三國演義-火燒連營
A0413,彩繪兒童古典文學10 三國演義-三國歸晉
A0414,我愛瑪婷-季節的衣裳
A0415,我愛瑪婷-小木屋
A0416,我愛瑪婷-農家樂
A0417,我愛瑪婷-海邊的一天
A0418,我愛瑪婷-暑假生活
A0419,我愛瑪婷-神奇魔法
A0420,我愛瑪婷-銀色聖誕
A0421,我愛瑪婷-帆船夏令營
A0422,我愛瑪婷-班班的家
A0423,我愛瑪婷-小鎮風光
A0424,我愛瑪婷-生日禮物
A0425,我愛瑪婷-奇怪的鄰居
A0426,我愛瑪婷-小螞蟻
A0427,我愛瑪婷-快樂單車遊
A0428,我愛瑪婷-小小鳥兒要回家
A0429,我愛瑪婷-公園樂趣多
A0430,我愛瑪婷-快樂的一天
A0431,我愛瑪婷-生病的時候
A0432,我愛瑪婷-成長的喜悅
A0433,我愛瑪婷-花園裡的秘密
A0434,我愛瑪婷-叢林王子
A0435,我愛瑪婷-卡迪與我
A0436,我愛瑪婷-飛行見聞
A0437,我愛瑪婷-河岸風光
A0438,我愛瑪婷-小廚師
A0439,我愛瑪婷-美妙的音符
A0440,我愛瑪婷-芭蕾舞星
A0441,我愛瑪婷-山中見聞
A0442,我愛瑪婷-母親節
A0443,我愛瑪婷-池塘歷險
A0444,我愛瑪婷-稻草人
A0445,我愛瑪婷-特別的禮物
A0446,我愛瑪婷-老爺車大賽
A0447,我愛瑪婷-巴比失蹤了
A0448,我愛瑪婷-小騎士
A0449,我愛瑪婷-馬戲團之夢
A0450,我愛瑪婷-郊外遊蹤
A0451,我愛瑪婷-樓上的遊戲
A0452,我愛瑪婷-飛天熱氣球
A0453,我愛瑪婷-農場假期
A0454,我愛瑪婷-花車遊行
A0455,我愛瑪婷-橫渡大西洋
A0456,我愛瑪婷-游泳訓練班
A0457,我愛瑪婷-動物教室
A0458,我愛瑪婷-全新的生活
A0459,我愛瑪婷-美麗的花園
A0460,我愛瑪婷-流浪貓
A0461,我愛瑪婷-千里緝凶
A0462,我愛瑪婷-學校的一天
A0463,我愛瑪婷-火車旅行
A0464,我愛瑪婷-化裝舞會
A0465,我愛瑪婷-聖誕禮物
B0001,傳說中什麼都能魔女商店
B0002,妖怪新聞社3
B0003,美女與野獸
B0004,阿當這隻貪吃的貓
B0005,有趣到睡不著趣味生物
B0006,無奇不有動物故事集
B0007,風雨無阻
B0008,騎鵝歷險記
B0009,爸爸的超級任務
B0010,中村佑的14堂創意插畫講座
B0011,星際奇航-宇宙故事集
B0012,巴黎神探
B0013,白色秋牡丹
B0014,當自己的跑步教練享受馬拉松人生
B0015,神奇樹屋-蛇與爬行類
B0016,中小學生認識台灣畫家的第一本書
B0017,給中學生的生涯探索術
B0018,給中學生的情緒管理術
B0019,給中學生的筆記整理術
B0020,初九變十五
B0021,不能放棄的養狗計劃
B0022,認識密碼學的第一本書
B0023,傳遞幸福的動畫大師宮崎駿
B0024,奇怪的滅絕動物超可惜！圖鑑
B0025,Magic tree house- Penguins and Antarctica
B0026,A Dog of Flanders
B0027,生命無奇不有！海、河、湖奇怪生物圖鑑
B0028,空想科學讀本
B0029,尼古拉的遊樂園
B0030,尼古拉回來了
B0031,尼古拉的怪鄰居
B0032,全世界最精彩的設計-從怪獸榨汁器到瀑布浴缸，69件大開眼界的作品
B0033,臭屁被綁架
B0034,又不是我的錯！
B0035,有行有止
B0036,雙胞胎行動
B0037,黑貓尼祿
B0038,遠大前程『英』文讀本
B0039,親愛的漢修先生
B0040,姆米與大洪水
B0041,國家地理學會 終極恐龍百科
B0042, 我是最佳主角
B0043,冰箱裡的企鵝
B0044,狐狸爸爸萬歲
B0045,臺灣豪雨
B0046,海嘯房滅災
B0047,防震減災
B0048,防颱減災
B0049,我不是完美小孩
B0050,躲進部落格
B0051,素養導向國語文評量設計實務
B0052,掉落凡間的流星
B0053,掉落凡間的流星
B0054,鼠一鼠二博物館
B0055,日本戰國-武將列傳
B0056,螳螂的私密生活
B0057,我綁架了外公
B0058,芽門、彩花籽與小小巫婆
B0059,魔法十年屋1 想不想試試時間魔法?
B0060,萬靈神獸-護劉備
B0061,當自己的跑步教練-享受馬拉松人生
B0062,表裡不一的動物
B0063,神仙惹麻煩
B0064,晶晶的桃花源記
B0065,大大大大的鱷魚
B0066,圖解動物心酸冏事
B0067,鑽石之謎
B0068,奇巖城
B0069,給中小學生的藝術史【建築篇】
B0070,給中小學生的藝術史【雕塑篇】
B0071,給中小學生的世界歷史【近現代卷】
B0072,給中小學生的世界史-【中古卷】羅馬時代到宗教改革
B0073,給中小學生的世界史-【近現代卷】大航海時代到第二次世界大戰
B0074,給中小學生的世界地理 【上】
B0075,給中小學生的世界地理 【下】
B0076,給中小學生的藝術史【繪畫篇】
B0077,尖叫街2-巫婆的鮮血
B0078,尖叫街5-骷髏的頭骨
B0079,蒂萊拉上動物園
B0080,蒂萊拉和薑餅人
B0081,足球夏令營
B0082,臭皮和茱蒂3-好個下雪天
B0083,捕捉少年塔克
B0084,報馬仔吉達阿斗
B0085,家庭作業機器
B0086,永遠的朋友
B0087,哥哥好討厭!
B0088,特雷摩斯的麵包坊
B0089,泰浩的姊姊
B0090,卡普先生的最後一杯水
B0091,牛奶咖啡和芝麻餅
B0092,我就是想贏！
B0093,小學生的生活禮儀課
B0094,公平？不公平？教你如何獨立思考，如何判斷！
B0095,垃圾桶偵探鴿五郎4正面還擊
B0096,垃圾桶偵探鴿五郎3超級「巢」任務
B0097,垃圾桶偵探鴿五郎2把危險當飯吃
B0098,妖怪出租1 實現心願的妖怪現身
B0099,妖怪出租2 請借我妖怪之力
B0100,妖怪出租3 使用妖怪的正確方式
B0101,妖怪出租4 妖怪之所以成為妖怪
B0102,The small big 台灣特有種1
B0103,童話陪審團 刑法篇 通親睡美人的王子，你有罪！
B0104,童話陪審團 民法篇 小美人魚，你的交易不合法！
B0105,雲朵不是麵包
B0106,小王子
B0107,伊索寓言9
B0108,又不是我的錯！
B0109,屁屁偵探9 幸運貓落到誰手上！
B0110,吹夢巨人
B0111,吹夢巨人
B0112,飛天巨桃歷險記
B0113,媽媽使用說明書
B0114,封神榜7
B0115,開懷大笑2
B0116,聊齋誌異9
B0117,聊齋誌異9
B0118,七俠五義10
B0119,七俠五義10
B0120,七俠五義11
B0121,七俠五義12
B0122,七俠五義13
B0123,水滸傳8
B0124,漫畫STEAM科學史1
B0125,漫畫STEAM科學史2
B0126,中國尋寶記
B0127,印地安學校
B0128,從此不再忘東忘西!擴充記憶體的100個趣味遊戲
B0129,百萬小學堂1
B0130,百萬小學堂2
B0131,百萬小學堂3
B0132,愛孩子的100個方法
B0133,超簡單彩繪【水墨畫】毛筆也能畫水彩
B0134,牛頓的金錢教室
B0135,林立德醫生非洲歷險記
B0136,小偵探愛彌兒
B0137,一天學會字首、字根、字尾
B0138,愛麗絲夢遊奇境
B0139,第三顆蛋
B0140,淘金英雄妙管家
B0141,小黃瓜國王
B0142,神獸樂園
B0143,紅樓夢（下）
B0144,紅樓夢（下）
B0145,紅樓夢（下）
B0146,紅樓夢（上）
B0147,紅樓夢（上）
B0148,三國演義（上）
B0149,三國演義（上）
B0150,三國演義（上）
B0151,三國演義（下）
B0152,三國演義（下）
B0153,吳姊姊講歷史課3 注音本
B0154,吳姊姊講歷史課4 注音本
B0155,吳姊姊講歷史課5 注音本
B0156,吳姊姊講歷史課6 注音本
B0157,吳姊姊講歷史課7 注音本
B0158,吳姊姊講歷史課9 注音本
B0159,吳姊姊講歷史課10 注音本 
B0160,吳姊姊講歷史課11 注音本
B0161,吳姊姊講歷史課12 注音本
B0162,吳姊姊講歷史課13 注音本
B0163,吳姊姊講歷史課14 注音本
B0164,吳姊姊講歷史課15 注音本
B0165,吳姊姊講歷史課16 注音本
B0166,吳姊姊講歷史課17 注音本
B0167,吳姊姊講歷史課18 注音本
B0168,吳姊姊講歷史課19 注音本
B0169,吳姊姊講歷史課20 注音本
B0170,吳姊姊講歷史課21 注音本
B0171,吳姊姊講歷史課22 注音本
B0172,吳姊姊講歷史課23 注音本
B0173,吳姊姊講歷史課24 注音本
B0174,吳姊姊講歷史課25 注音本
B0175,吳姊姊講歷史課26 注音本
B0176,吳姊姊講歷史課27 注音本
B0177,吳姊姊講歷史課28 注音本
B0178,吳姊姊講歷史課29 注音本
B0179,吳姊姊講歷史課30 注音本
B0180,吳姊姊講歷史課31 注音本
B0181,寄自野地的明信片
B0182,吳姊姊講歷史課41 注音本
B0183,吳姊姊講歷史課42 注音本
B0184,吳姊姊講歷史課43 注音本
B0185,吳姊姊講歷史課44 注音本
B0186,吳姊姊講歷史課45 注音本
B0187,吳姊姊講歷史課46 注音本
B0188,吳姊姊講歷史課47 注音本
B0189,吳姊姊講歷史課48 注音本
B0190,吳姊姊講歷史課49 注音本
B0191,吳姊姊講歷史課50 注音本
B0192,妖怪藥局2 神仙惹麻煩
B0193,香草金魚窩「上」
B0194,改變世界 典範聖賢25個影響歷史文明的名人大事
B0195,改變世界 國家領袖篇25個影響歷史文明的名人大事
B0196,垃圾桶偵探鴿五郎4 正面還擊
B0197,垃圾桶偵探鴿五郎3 超級「巢」任務
B0198,垃圾桶偵探鴿五郎2 把危險當飯吃
B0199,奇光下的秘密
B0200,成語小劇場 棒打山老虎
B0201,畫吧！簡單學會畫插畫
B0202,寰羽 birds of the world
B0203,寰羽 birds of the world
B0204,鶴采 Kaleidoscope of cranes
B0205,鶴采 Kaleidoscope of cranes
B0206,旅行中看見真善美
B0207,旅行中看見真善美
B0208,飼養溫柔死神的方法
B0209,驚奇女巫日記3 幽靈古堡的迷宮
B0210,花心漢字 字獨遊戲本
B0211,彩色全圖解 鐵道迷的第一本書
B0212,瑪蒂達
B0213,神奇圖書館1 
B0214,神奇圖書館2
B0215,神奇圖書館3
B0216,神奇圖書館4
B0217,神奇圖書館1 
B0218,神奇圖書館2
B0219,神奇圖書館3
B0220,神奇圖書館4
B0221,老船長的木偶
B0222,人生中的廢棒 我又廢又棒
B0223,你一定要認識的世界職業圖畫百科
B0224,角落小夥伴 善用時間的方法
B0225,動物生態解剖書
B0226,動物生態解剖書
B0227,勇氣圖鑑 受挫、失敗都是成長的養分
B0228,現在開始 擁有對話力
B0229,決戰詩神殿3 邪魔來襲
B0230,決戰詩神殿3 邪魔來襲
B0231,妖怪新聞社1 月光恐慌事件
B0232,妖怪新聞社2 止不住的哈啾與癢癢事件
B0233,妖怪新聞社3 最後的壓軸巨星事件
B0234,改變歷史的地圖與製圖師
B0235,老船長的木偶
B0236,山雨小學2-生氣王子的瘋狂校外教學
B0237,山雨小學2-生氣王子的瘋狂校外教學
B0238,驚奇女巫日記4 魔法滅絕危機
B0239,驚奇女巫日記4 魔法滅絕危機
B0240,驚奇女巫日記3 幽靈古堡的迷宮
B0241,雲朵不是麵包
B0242,香草金魚窩「下」
B0243,香草金魚窩「下」
B0244,小學生的時間管理課
B0245,小學生的時間管理課
B0246,小學生的生活禮儀課
B0247,公平?不公平?教你獨立思考，如何判斷!
B0248,鼠一鼠二博物館
B0249,現在開始 擁有對話力
B0250,山雨小學1 愛哭公主上學去!
B0251,圖說新古文觀止的故事
B0252,讀懂世界的知識
B0253,圖說新古文觀止的故事
B0254,輕鬆鍛鍊理科腦
B0255,輕鬆鍛鍊理科腦
B0256,
